{
  "solar_mw": 20.0,
  "battery_mwh": 8.981855586844933,
  "annual_grid_purchase_mwh": 1464.308018291636,
  "solar_cost": 4000000.0,
  "battery_cost": 1796371.1173689866,
  "grid_connection_cost": 268000.0,
  "annual_electricity_cost": 164056.59698088228,
  "total_annual_cost": 334073.78225771285,
  "status": "optimal"
}