{
  "solar_mw": 20.0,
  "battery_mwh": 8.981855586844931,
  "annual_grid_purchase_mwh": 1467.059349052514,
  "solar_cost": 4000000.0,
  "battery_cost": 1796371.1173689861,
  "grid_connection_cost": 268000.0,
  "annual_electricity_cost": 164364.84767415177,
  "total_annual_cost": 326744.7531268753,
  "status": "optimal"
}